<?xml version="1.0" encoding="UTF-8" ?>
<log4j:configuration xmlns:log4j="http://jakarta.apache.org/log4j/">
    <appender name="ConsoleAppender" class="org.apache.log4j.ConsoleAppender"> 
        <param name="Target" value="System.out"/> 
        <layout class="org.apache.log4j.SimpleLayout"/> 
    </appender>

    <root>
        <level value="all"/>
    </root> 

    <category name="Log">
        <level value="INFO"/>
        <appender-ref ref="ConsoleAppender"/>
    </category>
</log4j:configuration>
