<?xml version="1.0" encoding="UTF-8" ?>
<!DOCTYPE log4j:configuration SYSTEM "log4j.dtd">
<log4j:configuration xmlns:log4j="http://jakarta.apache.org/log4j/">
<appender name="InfoFileAppender" class="org.apache.log4j.rolling.RollingFileAppender">
    <rollingPolicy class="org.apache.log4j.rolling.TimeBasedRollingPolicy">
      <param name="FileNamePattern" value="ohlc_%d{yyyy}/%d{MM}/%d{dd}/%d{HH}/usdcad/usdcad_ohlc_%d{HH-mm}.csv" />
    </rollingPolicy>
    <layout class="org.apache.log4j.PatternLayout">
    <param name="ConversionPattern" value="%m%n" />
    </layout>
    <filter class="org.apache.log4j.varia.LevelRangeFilter">
      <param name="levelMin" value="INFO" />
      <param name="levelMax" value="INFO" />
    </filter>
</appender>

<appender name="ErrorFileAppender" class="org.apache.log4j.rolling.RollingFileAppender">
    <param name="Threshold" value="ERROR" />
    <rollingPolicy class="org.apache.log4j.rolling.TimeBasedRollingPolicy">
        <param name="FileNamePattern" value="ohlc_%d{yyyy}/%d{MM}/%d{dd}/%d{HH}/usdcad/usdcad_ohlc_%d{HH-mm}.csv" />
    </rollingPolicy>
    <layout class="org.apache.log4j.PatternLayout">
        <param name="ConversionPattern" value="%m%n" />
    </layout>
</appender>
<root>
    <level value="ALL" />
    <appender-ref ref="InfoFileAppender" />
    <appender-ref ref="ErrorFileAppender" />
</root>
</log4j:configuration>
